Aiguillettes végétales,Aiguillettes végétales
Boulettes végétales,Boulettes végétales
Escalopes végétales panées,Panés végétal Better Balance 160g
Falafels,Falafels
Jambon végétal,Jambon végétal
Knax végétales,Knaggies végétal
Lardons végétaux,Lardons végétaux
Nuggets végétaux,Nuggets végétaux
Saucisses végétales,Saucisses végétales
Steak végétal,steak végétal
Avoine (flocons),flocons d'avoine
Quinoa,quinoa facile
Quinoa,quinoa gourmand
Flageolets (conserve),Flageolets
Haricots blancs (conserve),haricots blancs
Haricots noirs (conserve),Haricots noirs
Haricots rouges (conserve),Haricots rouges
Lentilles blondes,lentilles blondes
Lentilles corail,Lentilles corail
Lentilles vertes,Lentilles vertes
Lentilles vertes (conserve),lentilles conserve
Pois cassés,pois cassés notre jardin 500g
Pois chiches (conserve),Pois chiches
Amandes,Amandes décortiquées
Beurre de cacahuète,Beurre de cacahuète
Cacahuètes,cacahuètes grillées
Graines de chia,Graines de chia
Graines de courge,Graines de courge
Graines de tournesol,Graines de tournesol
Noisettes,noisettes décortiquées
Noix de cajou,noix de cajou
Pignons de pin,Pignons de pin
Pistaches,Pistaches grillées
Brie,Brie
Bûche de chèvre,Chèvre bûche
Camembert,camembert 250g
Comté,comté mois
Coulommiers,Coulommiers
Emmental,emmental
Feta,Feta grecque
Fromage blanc nature,fromage blanc nature
Fromage à raclette,Fromage à raclette
Lait demi écrémé,Lait demi écrémé
Lait entier,bouteille lait entier
Mozzarella,mozzarella 125g
Œufs,6 oeufs frais plein air
Parmesan rapé,parmesan rapé
Petits‑suisses,Petit suisse nature Gervais 9,5% MG
Roquefort,roquefort aop
Skyr,skyr nature
Yaourt nature 0%,Yaourt nature 0%
Anchois,anchois
Dos de cabillaud,dos cabillaud
Colin pané,colin pané
Crevettes entières,crevettes poissonnerie
Filet de limande,limande
Maquereau (conserve),maquereaux
Noix de saint-jacques,Noix de saint-jacques sans corail
Noix de saint-jacques,noix de saint-jacques nrt
Sardines (conserve),sardines huile
Pavé de saumon,pavé de saumon
Saumon fumé,saumon tranches
Bâtonnets de surimi,batonnets surimi
Thon (conserve),Thon entier
Truité fumée,truite fumée
Barres protéinées,Barres protéinées
Blanc de dinde (tranches),Blanc de dinde
Chipolatas,chipolatas viande
Confit de canard,Confit de canard
Cordon bleu,Cordon bleu
Côtes de porc,côte porc
Cuisse de poulet,Cuisses poulet
Entrecôte bœuf,Entrecôte de boeuf
Escalopes de dinde,escalopes dinde 240g
Escalope de veau,Escalope de veau
Filet mignon de porc,Filet mignon
Jambon blanc,Jambon porc
Jambon cru,jambon sec igp
Lapin,Filets de lapin
Lardons,lardons fumés
Magret de canard,Magret canard
Merguez,merguez
Nuggets,Nuggets poulet
Poitrine fumée / bacon,Poitrine fumée
Poulet fermier,poulet fermier
Filet de poulet,Filet de poulet blanc
Rillettes,Rillettes porc
Rôti de porc,Rôti porc
Saucisse de Strasbourg / Knacki,saucisse de strasbourg
Saucisson sec,saucisson sec
Sauté de veau,Sauté de veau
Steak haché boeuf,Steak haché
